url_path,views_total,views_unique
/richibrics/IoTuring,35,28
/richibrics/IoTuring/tree/main/IoTuring,11,9
/richibrics/IoTuring/search,4,1
/richibrics/IoTuring/issues/62,3,3
/richibrics/IoTuring/commits/main,2,2
/richibrics/IoTuring/pulls,2,2
/richibrics/IoTuring/releases/tag/v2023.2.5,2,2
/richibrics/IoTuring/tree/v2023.2.5,2,2
/richibrics/IoTuring/blob/8241c394cab1868ec0ff9538bd535c3486259f51/IoTuring/Entity/Entity.py,1,1
/richibrics/IoTuring/blob/e444ce8d1c13639c0841cb332a15985de189e003/IoTuring/Entity/EntityManager.py,1,1
